code,system
39801020,multilex
72408020,multilex
83069020,multilex
479021,multilex
59209020,multilex
59210020,multilex
59236020,multilex
59237020,multilex
59593020,multilex
59594020,multilex
59784020,multilex
59785020,multilex
60509020,multilex
60510020,multilex
62715020,multilex
63436020,multilex
63765020,multilex
63881020,multilex
64484020,multilex
64733020,multilex
65546020,multilex
65832020,multilex
72416020,multilex
72417020,multilex
75692020,multilex
91009020,multilex
63882020,multilex
64487020,multilex
64738020,multilex
65835020,multilex
66946020,multilex
75693020,multilex
75696020,multilex
75697020,multilex
85821020,multilex
85822020,multilex
86240020,multilex
86241020,multilex
86243020,multilex
86244020,multilex